{
  "project_info": {
    "project_number": "857321413945",
    "firebase_url": "https://kotlinfirebaseinstagram-f5b9e.firebaseio.com",
    "project_id": "kotlinfirebaseinstagram-f5b9e",
    "storage_bucket": "kotlinfirebaseinstagram-f5b9e.appspot.com"
  },
  "client": [
    {
      "client_info": {
        "mobilesdk_app_id": "1:857321413945:android:d8b04a641bd2b050",
        "android_client_info": {
          "package_name": "com.example.erdzonya.kotlininstagramfirebase"
        }
      },
      "oauth_client": [
        {
          "client_id": "857321413945-4rrcs2v9ipd8n36d9lf45c259td00iq4.apps.googleusercontent.com",
          "client_type": 3
        }
      ],
      "api_key": [
        {
          "current_key": "AIzaSyBMOh4Lo3QB2gJKZ75I6j3zSziYTvJY9TE"
        }
      ],
      "services": {
        "analytics_service": {
          "status": 1
        },
        "appinvite_service": {
          "status": 1,
          "other_platform_oauth_client": []
        },
        "ads_service": {
          "status": 2
        }
      }
    }
  ],
  "configuration_version": "1"
}